Doro,f
Philis,m
Candi,m
Miquela,m
Raina,f
Sonni,m
Nataline,f
Beth,m
Elka,f
Tracey,f
Deirdre,f
Norine,f
Jinny,m
Orsola,f
Margarette,m
Lynde,m
Olwen,f
Lizzie,m
Rivalee,m
Stevana,f
Corina,m
Sharlene,f
Bee,f
Ebonee,m
Yetty,f
Dagmar,m
Georgina,f
Joy,m
Minda,m
Celene,m
Vita,m
Nessie,m
Calla,m
Lisette,f
Ezmeralda,m
Celene,m
Mariann,m
Gale,m
Dulce,m
Dyann,f
Lorne,m
Lonnie,m
Florencia,f
Katuscha,m
Tori,f
Viviene,f
Katleen,f
Krystle,m
Dawn,m
Berget,f
Sonni,m
Steffane,m
Edee,f
Alyssa,f
Amelia,m
Fidelia,m
Roberta,m
Siana,f
Arabel,f
Wynne,m
Ulrike,f
Olwen,f
Cassondra,f
Marita,f
Emma,f
Bernardine,m
Leeanne,f
Lindie,f
Sashenka,f
Allis,m
Margalo,m
Joy,m
Heddie,f
Raf,f
Netty,f
Ronna,m
Lonnie,m
Brianna,f
Vonny,f
Jaclyn,m
Penelopa,m
Jean,m
Tabbatha,m
Ermengarde,f
Livvyy,m
Vere,m
Kellen,f
Tani,f
Gilligan,f
Emelina,f
Josephine,m
Trudie,f
Alia,m
Mureil,m
Marinna,f
Tonia,m
Kerrin,m
Marita,m
Bernie,m
Marcy,m